{"sections":{"image_banner_BRXGw9":{"type":"image-banner","blocks":{"heading_WXfkhL":{"type":"heading","settings":{"heading":"Your everyday essentials all in one place","heading_size":"h2"}},"text_zDYL4q":{"type":"text","settings":{"text":"Worldwide Trending products now in India","text_style":"body"}},"buttons_jWK7kh":{"type":"buttons","settings":{"button_label_1":"Shop Now","button_link_1":"shopify:\/\/collections","button_style_secondary_1":false,"button_label_2":"","button_link_2":"","button_style_secondary_2":false}}},"block_order":["heading_WXfkhL","text_zDYL4q","buttons_jWK7kh"],"settings":{"image":"shopify:\/\/shop_images\/self-serve-coffee-shop.jpg","image_overlay_opacity":30,"image_height":"medium","desktop_content_position":"middle-center","show_text_box":false,"desktop_content_alignment":"center","color_scheme":"scheme-04ded995-220b-4272-8c96-9b5848c30e15","image_behavior":"fixed","mobile_content_alignment":"center","stack_images_on_mobile":true,"show_text_below":false}},"featured-collection":{"type":"featured-collection","settings":{"title":"Trending Right Now","heading_size":"h2","description":"","show_description":false,"description_style":"body","collection":"frontpage","products_to_show":4,"columns_desktop":4,"full_width":false,"show_view_all":false,"view_all_style":"solid","enable_desktop_slider":false,"color_scheme":"scheme-1","image_ratio":"square","image_shape":"round","show_secondary_image":true,"show_vendor":false,"show_rating":false,"quick_add":"none","columns_mobile":"2","swipe_on_mobile":false,"padding_top":24,"padding_bottom":24}},"ss_waves_fBf3xq":{"type":"ss-waves","settings":{"wave_height":310,"wave_curvature":410,"wave_style":"normal","wave_side":"0","animation":false,"animation_duration":5,"background_color":"#ffffff","wave_color":"#f5f5f5","margin_top":-300,"margin_bottom":-36,"padding_top":60,"padding_bottom":0,"padding_horizontal":0,"padding_horizontal_mobile":0,"full_width":true,"content_width":120}},"featured_product_UbPdLp":{"type":"featured-product","blocks":{"title_hbC9CK":{"type":"title","settings":{"heading_size":"h1"}},"price_BzFiHy":{"type":"price","settings":{}}},"block_order":["title_hbC9CK","price_BzFiHy"],"settings":{"product":"coolpro™-air-conditioner","color_scheme":"scheme-e928542c-bce2-4cdd-9f16-97a0e05ee786","secondary_background":false,"media_size":"medium","constrain_to_viewport":true,"media_fit":"contain","media_position":"left","image_zoom":"lightbox","hide_variants":false,"enable_video_looping":false,"padding_top":36,"padding_bottom":36}},"ss_waves_bgPMMw":{"type":"ss-waves","settings":{"wave_height":310,"wave_curvature":410,"wave_style":"normal","wave_side":"180","animation":false,"animation_duration":5,"background_color":"#ffffff","wave_color":"#f5f5f5","margin_top":-4,"margin_bottom":-288,"padding_top":0,"padding_bottom":0,"padding_horizontal":0,"padding_horizontal_mobile":0,"full_width":true,"content_width":120}},"custom_liquid_4BY8i3":{"type":"custom-liquid","settings":{"custom_liquid":"<style>\nvideo {\nwidth: 100%;\nheight: auto;\ndisplay: block;\nmargin: 0 auto;\n}\n<\/style>\n<video muted autoplay playsinline loop>\n    <source src=\"https:\/\/cdn.shopify.com\/videos\/c\/o\/v\/94e1612c6d74459bb2db063756932b2e.mp4\"\n                  type=\"video\/mp4\">\n    <source src=\"\/media\/cc0-videos\/flower.mp4\"\n                  type=\"video\/mp4\">\n<\/video>","color_scheme":"","padding_top":0,"padding_bottom":0}},"image_banner_Hm7Nrr":{"type":"image-banner","blocks":{"heading_EPxxhV":{"type":"heading","settings":{"heading":"100% genuine Products,24*7 Customers Support","heading_size":"h2"}}},"block_order":["heading_EPxxhV"],"disabled":true,"settings":{"image_overlay_opacity":30,"image_height":"medium","desktop_content_position":"middle-center","show_text_box":false,"desktop_content_alignment":"center","color_scheme":"scheme-04ded995-220b-4272-8c96-9b5848c30e15","image_behavior":"fixed","mobile_content_alignment":"center","stack_images_on_mobile":true,"show_text_below":false}},"featured_collection_ddbtaF":{"type":"featured-collection","settings":{"title":"Shop Home Décor","heading_size":"h2","description":"","show_description":false,"description_style":"body","collection":"home","products_to_show":4,"columns_desktop":4,"full_width":false,"show_view_all":true,"view_all_style":"solid","enable_desktop_slider":false,"color_scheme":"","image_ratio":"adapt","image_shape":"round","show_secondary_image":false,"show_vendor":false,"show_rating":false,"quick_add":"none","columns_mobile":"2","swipe_on_mobile":false,"padding_top":36,"padding_bottom":36}},"ss_counter_FRBmDp":{"type":"ss-counter","blocks":{"word_znyR9m":{"type":"word","settings":{"text":"Hurry Up"}},"word_TFwYUm":{"type":"word","settings":{"text":"Sale is"}},"word_QKreVK":{"type":"word","settings":{"text":"Ending"}}},"block_order":["word_znyR9m","word_TFwYUm","word_QKreVK"],"settings":{"heading":"Limited Time!","heading_custom":false,"heading_font":"poppins_n7","heading_size":48,"heading_size_mobile":32,"heading_height":130,"heading_align":"center","counter_mt":32,"counter_delay":3.5,"counter_card_radius":16,"counter_card_radius_mobile":10,"counter_custom":true,"counter_font":"harmonia_sans_n4","text":"Our limited time 50% off sale is ending at midnight","text_custom":true,"text_font":"harmonia_sans_n4","text_size":22,"text_size_mobile":20,"text_height":130,"text_align":"center","text_mt":32,"button":"","button_url":"","button_custom":false,"button_font":"josefin_sans_n4","button_size":20,"button_size_mobile":18,"button_height":130,"button_align":"center","button_mt":16,"button_padding_vertical":16,"button_padding_horizontal":40,"button_radius":100,"button_border_thickness":0,"heading_color":"#000000","card_bg_color":"#333232","card_text_color":"#ffffff","text_color":"#000000","button_color":"#ffffff","button_hover_color":"#ffffff","button_bg_color":"#000000","button_bg_hover_color":"#000000","button_border_color":"#000000","button_border_hover_color":"#000000","background_color":"#ffffff","background_gradient":"","border_color":"#000000","margin_top":0,"margin_bottom":0,"padding_top":100,"padding_bottom":100,"padding_horizontal":5,"padding_horizontal_mobile":1.5,"full_width":true,"content_width":120,"border_thickness":0}},"featured_collection_VByJyE":{"type":"featured-collection","settings":{"title":"Bestsellers 2k24!","heading_size":"h2","description":"","show_description":false,"description_style":"body","collection":"tech","products_to_show":4,"columns_desktop":4,"full_width":false,"show_view_all":true,"view_all_style":"solid","enable_desktop_slider":false,"color_scheme":"","image_ratio":"adapt","image_shape":"round","show_secondary_image":false,"show_vendor":false,"show_rating":false,"quick_add":"none","columns_mobile":"2","swipe_on_mobile":false,"padding_top":36,"padding_bottom":36}},"featured_product_Wnmb8x":{"type":"featured-product","blocks":{"title_JfEfGk":{"type":"title","settings":{"heading_size":"h1"}},"price_PDGD8g":{"type":"price","settings":{}}},"block_order":["title_JfEfGk","price_PDGD8g"],"settings":{"product":"clothes-organizer-for-jeans-washable-fabric-closet-storage-boxcolor-as-per-availabilitypack-of-2","color_scheme":"scheme-1","secondary_background":false,"media_size":"medium","constrain_to_viewport":true,"media_fit":"contain","media_position":"left","image_zoom":"lightbox","hide_variants":false,"enable_video_looping":false,"padding_top":36,"padding_bottom":36}},"rich_text_t9DGQN":{"type":"rich-text","blocks":{"heading_QRP8a6":{"type":"heading","settings":{"heading":"Why Fascinating Finds?","heading_size":"h2"}},"text_VMpDnr":{"type":"text","settings":{"text":"<p>Shop with confidence at <strong>Fascinating Finds <\/strong>where quality meets convenience. Our carefully curated selection of everyday essentials ensures you find the perfect items to enhance your daily life, all at competitive prices. With a user-friendly website, fast shipping, and exceptional customer service, we're dedicated to making your shopping experience enjoyable and stress-free. Discover the difference of shopping with <strong>Fascinating Finds <\/strong>today!<\/p>"}}},"block_order":["heading_QRP8a6","text_VMpDnr"],"settings":{"desktop_content_position":"center","content_alignment":"center","color_scheme":"scheme-2","full_width":true,"padding_top":40,"padding_bottom":40}},"image_banner_Vy7TJH":{"type":"image-banner","blocks":{"heading_k3zLr7":{"type":"heading","settings":{"heading":"Delivered to your doorstep within 4-6 business day!","heading_size":"h2"}}},"block_order":["heading_k3zLr7"],"settings":{"image":"shopify:\/\/shop_images\/lucian-alexe-afDu-GuxjjM-unsplash.jpg","image_overlay_opacity":30,"image_height":"medium","desktop_content_position":"middle-center","show_text_box":false,"desktop_content_alignment":"center","color_scheme":"scheme-04ded995-220b-4272-8c96-9b5848c30e15","image_behavior":"zoom-in","mobile_content_alignment":"center","stack_images_on_mobile":true,"show_text_below":false}},"ss_feature_1_iffgUx":{"type":"ss-feature-1","blocks":{"image_V7Ez86":{"type":"image","settings":{"feature_title":"Free Shipping","feature_text":"Free shipping on all orders","feature_url":"","hide_image":false}},"image_x3YTxz":{"type":"image","settings":{"feature_title":"Best Prices","feature_text":"Get the Most Bang for your buck","feature_url":"","hide_image":false}},"image_fqBHX9":{"type":"image","settings":{"feature_title":"Hassle-free exchange","feature_text":"We offer hassle free 30 day returns","feature_url":"","hide_image":false}},"image_DmCRUE":{"type":"image","settings":{"feature_title":"Rated 4.7\/5","feature_text":"Customer satisfaction #1 priority","feature_url":"","hide_image":false}}},"block_order":["image_V7Ez86","image_x3YTxz","image_fqBHX9","image_DmCRUE"],"settings":{"feature_row":4,"feature_row_mobile":2,"feature_gap":20,"feature_gap_mobile":20,"feature_padding_vertical":0,"feature_padding_horizontal":0,"feature_radius":16,"feature_border_thickness":0,"feature_shadow":false,"feature_heading_custom":false,"feature_heading_font":"harmonia_sans_n4","feature_heading_size":14,"feature_heading_size_mobile":12,"feature_heading_height":130,"feature_heading_mt":8,"feature_text_custom":false,"feature_text_font":"harmonia_sans_n4","feature_text_size":12,"feature_text_size_mobile":12,"feature_text_height":130,"feature_text_mt":4,"feature_icon_size":42,"feature_icon_size_mobile":42,"feature_bg":"#ffffff","feature_border_color":"#000000","feature_shadow_color":"#000000","feature_heading_color":"#000000","feature_text_color":"#000000","feature_icon_color":"#000000","background_color":"#ffffff","background_gradient":"","border_color":"#000000","margin_top":20,"margin_bottom":20,"padding_top":16,"padding_bottom":16,"padding_horizontal":5,"padding_horizontal_mobile":1.5,"full_width":false,"content_width":120,"border_thickness":0,"lazy":true}},"newsletter_zKbKDi":{"type":"newsletter","blocks":{"heading_YWEVjD":{"type":"heading","settings":{"heading":"Subscribe to our emails","heading_size":"h1"}},"paragraph_bDaPtD":{"type":"paragraph","settings":{"text":"<p>Get <strong>15% Off<\/strong> on your next purchase.<\/p>"}},"email_form_WwVdBU":{"type":"email_form","settings":{}}},"block_order":["heading_YWEVjD","paragraph_bDaPtD","email_form_WwVdBU"],"settings":{"color_scheme":"","full_width":true,"padding_top":40,"padding_bottom":52}}},"order":["image_banner_BRXGw9","featured-collection","ss_waves_fBf3xq","featured_product_UbPdLp","ss_waves_bgPMMw","custom_liquid_4BY8i3","image_banner_Hm7Nrr","featured_collection_ddbtaF","ss_counter_FRBmDp","featured_collection_VByJyE","featured_product_Wnmb8x","rich_text_t9DGQN","image_banner_Vy7TJH","ss_feature_1_iffgUx","newsletter_zKbKDi"]}