{"sections":{"main":{"type":"main-product","blocks":{"title":{"type":"title","settings":{}},"text_iwykbd":{"type":"text","settings":{"text":"800+ bought in past month","text_style":"body"}},"trustify_reviews_app_stars_block_QecyBL":{"type":"shopify:\/\/apps\/trustify-reviews\/blocks\/app-stars-block\/60d505af-e468-47cf-a184-a06ccd6703ac","settings":{}},"price":{"type":"price","settings":{}},"vendor":{"type":"text","settings":{"text":"🧵 Durable Material","text_style":"body"}},"text_HrfzbC":{"type":"text","settings":{"text":"🌟<strong>Compact Design<\/strong>","text_style":"body"}},"text_XW9eR3":{"type":"text","settings":{"text":"🎒Versatile Use","text_style":"body"}},"text_7RytTM":{"type":"text","settings":{"text":"🛠️ Easy Assembly","text_style":"body"}},"variant_picker":{"type":"variant_picker","settings":{"picker_type":"button","swatch_shape":"circle"}},"plex_delivery_estimation_date_product_block_3Rj6Lj":{"type":"shopify:\/\/apps\/plex-delivery-estimation-date\/blocks\/product-block\/1a5aaae6-8b06-46f6-9403-07c6c0d75c2e","settings":{}},"buy_buttons":{"type":"buy_buttons","settings":{"show_dynamic_checkout":true,"show_gift_card_recipient":true}},"collapsible_tab_WYRpJK":{"type":"collapsible_tab","settings":{"heading":"Features and Benefits","icon":"none","content":"<p><strong>Space-Saving Design 🏠<\/strong> - Easily foldable and storable, making it perfect for compact living spaces.<\/p><p><strong>Durable Material 🧵<\/strong> - Made from high-quality fabric that ensures long-lasting use.<\/p><p><strong>Versatile Use 🎒<\/strong> - Ideal for organizing clothes, toys, shoes, and more in any room of your home.<\/p><p><strong>Easy Assembly 🛠️<\/strong> - No tools required; sets up in seconds for immediate use.<\/p>","page":""}},"collapsible_tab_hi4zWG":{"type":"collapsible_tab","settings":{"heading":"Design and Functionality","icon":"none","content":"<p><strong>Multiple Compartments 📦<\/strong> - Designed with various sections to keep items neatly separated and organized.<\/p><p><strong>Stylish Design 🎨<\/strong> - Available in various colors and patterns to match your decor.<\/p><p><strong>Breathable Fabric 🌬️<\/strong> - Keeps clothes fresh and reduces musty odors with its breathable material.<\/p><p><strong>Reinforced Handles 💪<\/strong> - Sturdy handles make it easy to carry and transport even when fully loaded.<\/p>","page":""}},"collapsible_tab_XBeKa4":{"type":"collapsible_tab","settings":{"heading":"Usage Tips and Care Instructions","icon":"none","content":"<p><strong>Portable and Lightweight 🚚<\/strong> - Easily moved from one room to another, perfect for traveling or seasonal storage.<\/p><p><strong>Care Instructions 🧼<\/strong> - Wipe with a damp cloth to clean; avoid using harsh chemicals.<\/p><p><strong>Maximizing Space 💡<\/strong> - Utilize vertical space by stacking multiple organizers.<\/p><p><strong>Storage Suggestions 📦<\/strong> - Great for closets, under-bed storage, or garage organization.<\/p>","page":""}},"collapsible_tab_ztztEx":{"type":"collapsible_tab","disabled":true,"settings":{"heading":"Detailed Description","icon":"none","content":"<h3>Do you wish for a more organized and efficient way to store your clothes and accessories? 👔✨<\/h3><p>Upgrade your wardrobe with our high-quality Wardrobe Storage Organizer. Sturdy and long-lasting, it maintains its shape while keeping your clothes and accessories in order.<\/p><p><\/p><h3>Foldable Convenience for Small Spaces<\/h3><p>Perfect for small apartments or on-the-go lifestyles, our Folding Wardrobe Organizer is easily portable and simple to assemble. The foldable design ensures quick and convenient storage without the need for tools.<\/p><h3><br\/>Stylish Versatility, Seamless Integration<\/h3><p>Enhance any room's decor with our neutral canvas organizer. Its modern design seamlessly blends into any style, providing a stylish solution to keep your space tidy and organized.<\/p><h3><br\/>Premium Quality, Spacious Storage<\/h3><p>Experience the perfect storage solution with our larger-sized wardrobe organizer. Made from high-quality polyester fabric with a sturdy MDF base and metal frame, it supports up to 30 lbs, ensuring a safe and stylish haven for your belongings.<\/p>","page":""}},"description":{"type":"description","settings":{}}},"block_order":["title","text_iwykbd","trustify_reviews_app_stars_block_QecyBL","price","vendor","text_HrfzbC","text_XW9eR3","text_7RytTM","variant_picker","plex_delivery_estimation_date_product_block_3Rj6Lj","buy_buttons","collapsible_tab_WYRpJK","collapsible_tab_hi4zWG","collapsible_tab_XBeKa4","collapsible_tab_ztztEx","description"],"settings":{"enable_sticky_info":true,"color_scheme":"scheme-1","media_size":"medium","constrain_to_viewport":true,"media_fit":"cover","gallery_layout":"stacked","media_position":"left","image_zoom":"none","mobile_thumbnails":"show","hide_variants":false,"enable_video_looping":false,"padding_top":24,"padding_bottom":24}},"related-products":{"type":"related-products","disabled":true,"settings":{"heading":"You may also like","heading_size":"h2","products_to_show":4,"columns_desktop":4,"color_scheme":"scheme-1","image_ratio":"adapt","image_shape":"default","show_secondary_image":false,"show_vendor":false,"show_rating":false,"columns_mobile":"2","padding_top":36,"padding_bottom":68}},"collapsible_content_eqJddF":{"type":"collapsible-content","blocks":{"collapsible_row_cQYpAh":{"type":"collapsible_row","settings":{"heading":"What are your shipping options?","icon":"truck","row_content":"<p>We offer standard and express shipping options. You can select your preferred shipping method at checkout. Delivery times and costs vary depending on your location.<\/p>","page":""}},"collapsible_row_dFPQe6":{"type":"collapsible_row","settings":{"heading":"How can I track my order?","icon":"question_mark","row_content":"<p>Once your order is shipped, you will receive a tracking number via email. You can use this number to track your order on our website or through the carrier's website.<\/p>","page":""}},"collapsible_row_aqkEx6":{"type":"collapsible_row","settings":{"heading":"What payment methods do you accept?","icon":"leather","row_content":"<p>We accept major credit cards (Visa, MasterCard, American Express), PayPal, and other secure payment methods. All transactions are encrypted for your security.<\/p>","page":""}},"collapsible_row_bKpfwq":{"type":"collapsible_row","settings":{"heading":"What is your return policy?","icon":"return","row_content":"<p>We accept returns within 7 days of delivery. Items must be unused and in their original packaging. Please visit our returns page for more details.<\/p>","page":""}}},"block_order":["collapsible_row_cQYpAh","collapsible_row_dFPQe6","collapsible_row_aqkEx6","collapsible_row_bKpfwq"],"settings":{"caption":"","heading":"FAQs","heading_size":"h1","heading_alignment":"center","layout":"none","color_scheme":"","container_color_scheme":"","open_first_collapsible_row":false,"image_ratio":"adapt","desktop_layout":"image_second","padding_top":0,"padding_bottom":36}},"rich_text_q6HBtb":{"type":"rich-text","blocks":{"text_Xhkjdd":{"type":"text","settings":{"text":"<h2><strong>Get Additional Discount and Faster Delivery when you pay online!  <\/strong><\/h2><p>*Limited Period offer<\/p>"}}},"block_order":["text_Xhkjdd"],"settings":{"desktop_content_position":"center","content_alignment":"center","color_scheme":"scheme-04ded995-220b-4272-8c96-9b5848c30e15","full_width":true,"padding_top":40,"padding_bottom":52}},"1718270468a9e30f1b":{"type":"apps","blocks":{"trustify_reviews_app_product_block_NM4Kpg":{"type":"shopify:\/\/apps\/trustify-reviews\/blocks\/app-product-block\/60d505af-e468-47cf-a184-a06ccd6703ac","settings":{}}},"block_order":["trustify_reviews_app_product_block_NM4Kpg"],"settings":{"include_margins":true}},"featured_collection_XyjWyz":{"type":"featured-collection","settings":{"title":"Related Products","heading_size":"h1","description":"","show_description":false,"description_style":"body","collection":"frontpage","products_to_show":4,"columns_desktop":4,"full_width":false,"show_view_all":true,"view_all_style":"solid","enable_desktop_slider":false,"color_scheme":"","image_ratio":"adapt","image_shape":"default","show_secondary_image":false,"show_vendor":false,"show_rating":false,"quick_add":"none","columns_mobile":"2","swipe_on_mobile":false,"padding_top":36,"padding_bottom":36}}},"order":["main","related-products","collapsible_content_eqJddF","rich_text_q6HBtb","1718270468a9e30f1b","featured_collection_XyjWyz"]}