{"sections":{"main":{"type":"main-product","blocks":{"title":{"type":"title","settings":{}},"text_iwykbd":{"type":"text","settings":{"text":"800+ bought in past month","text_style":"body"}},"trustify_reviews_app_stars_block_QecyBL":{"type":"shopify:\/\/apps\/trustify-reviews\/blocks\/app-stars-block\/60d505af-e468-47cf-a184-a06ccd6703ac","settings":{}},"price":{"type":"price","settings":{}},"vendor":{"type":"text","settings":{"text":"🔄 360-Degree Rotation","text_style":"body"}},"text_HrfzbC":{"type":"text","settings":{"text":"📱 Universal Compatibility","text_style":"body"}},"text_XW9eR3":{"type":"text","settings":{"text":"👜 Portable and Lightweight","text_style":"body"}},"variant_picker":{"type":"variant_picker","settings":{"picker_type":"button","swatch_shape":"circle"}},"plex_delivery_estimation_date_product_block_3Rj6Lj":{"type":"shopify:\/\/apps\/plex-delivery-estimation-date\/blocks\/product-block\/1a5aaae6-8b06-46f6-9403-07c6c0d75c2e","settings":{}},"buy_buttons":{"type":"buy_buttons","settings":{"show_dynamic_checkout":true,"show_gift_card_recipient":true}},"collapsible_tab_fbjLaX":{"type":"collapsible_tab","settings":{"heading":"Features and Benefits","icon":"none","content":"<p><strong>360-Degree Rotation 🔄<\/strong> - Easily adjust the angle for the perfect viewing experience from any direction.<\/p><p><strong>Sturdy and Stable 🏋️‍♂️<\/strong> - Robust design ensures your device stays securely in place.<\/p><p><strong>Adjustable Height 📏<\/strong> - Customize the height to suit your needs, whether sitting or standing.<\/p><p><strong>Hands-Free Convenience ✋<\/strong> - Perfect for video calls, watching videos, or reading without holding your phone.<\/p>","page":""}},"collapsible_tab_mxpeFA":{"type":"collapsible_tab","settings":{"heading":"Design and Functionality","icon":"none","content":"<ul><li><strong>Universal Compatibility 📱<\/strong> - Fits most smartphones and tablets, accommodating various sizes.<\/li><li><strong>Sleek and Stylish Design 🎨<\/strong> - Modern look that complements any decor or workspace.<\/li><li><strong>Non-Slip Base 🛡️<\/strong> - Ensures the stand stays in place on any surface, preventing accidental slips.<\/li><li><strong>Portable and Lightweight 👜<\/strong> - Easy to carry around, making it ideal for home, office, or travel.<\/li><\/ul><p><strong>3. Usage Tips and Care Instructions<\/strong><\/p><ul><li><strong>Setup Instructions 🛠️<\/strong> - Assemble the stand according to the included manual; no tools required.<\/li><li><strong>Cleaning and Maintenance 🧼<\/strong> - Wipe with a dry cloth to keep it clean and dust-free.<\/li><li><strong>Optimal Placement 📐<\/strong> - Place on a flat, stable surface for best results.<\/li><li><strong>Versatile Uses 💡<\/strong> - Ideal for kitchen use while cooking, office use during video conferences, or bedside use for easy nighttime access.<\/li><\/ul>","page":""}},"collapsible_tab_zgJ8D7":{"type":"collapsible_tab","settings":{"heading":"Usage Tips and Care Instructions","icon":"none","content":"<p><strong>Setup Instructions 🛠️<\/strong> - Assemble the stand according to the included manual; no tools required.<\/p><p><strong>Cleaning and Maintenance 🧼<\/strong> - Wipe with a dry cloth to keep it clean and dust-free.<\/p><p><strong>Optimal Placement 📐<\/strong> - Place on a flat, stable surface for best results.<\/p><p><strong>Versatile Uses 💡<\/strong> - Ideal for kitchen use while cooking, office use during video conferences, or bedside use for easy nighttime access.<\/p>","page":""}},"collapsible_tab_nkQCCp":{"type":"collapsible_tab","disabled":true,"settings":{"heading":"Detailed Description","icon":"none","content":"<h3>📱 360° Rotatable<\/h3><p>Find the perfect viewing angle with our adjustable phone stand, featuring a secure grip provided by built-in silicone pads.<\/p><h3><br\/>⛓️ Durable Aluminum Alloy<\/h3><p>Enjoy stability and reliability with our phone stand's sturdy construction, crafted from high-quality aluminum alloy and silicone materials. <\/p><h3><br\/>🔧 Foldable & Adjustable <\/h3><p>Customize your viewing experience effortlessly with our foldable and adjustable cell phone holder, complete with integrated silicone pads for added security.<\/p><p><\/p><h3>📱 Wide Compatibility <\/h3><p>Our mobile phone stand is compatible with iPhone 14\/14 Plus\/14 Pro\/14 and other smartphones, tablets, and iPads, ensuring versatility for all your devices.<br\/><\/p><p> <\/p><h3>🎒 Portable & Versatile<\/h3><p>Take your phone stand anywhere with its lightweight and portable design, easily adjusting to fit various surfaces like desks, tables, and more.<\/p><p><\/p>","page":""}},"description":{"type":"description","settings":{}}},"block_order":["title","text_iwykbd","trustify_reviews_app_stars_block_QecyBL","price","vendor","text_HrfzbC","text_XW9eR3","variant_picker","plex_delivery_estimation_date_product_block_3Rj6Lj","buy_buttons","collapsible_tab_fbjLaX","collapsible_tab_mxpeFA","collapsible_tab_zgJ8D7","collapsible_tab_nkQCCp","description"],"settings":{"enable_sticky_info":true,"color_scheme":"scheme-1","media_size":"medium","constrain_to_viewport":true,"media_fit":"cover","gallery_layout":"stacked","media_position":"left","image_zoom":"none","mobile_thumbnails":"show","hide_variants":false,"enable_video_looping":false,"padding_top":24,"padding_bottom":24}},"related-products":{"type":"related-products","disabled":true,"settings":{"heading":"You may also like","heading_size":"h2","products_to_show":4,"columns_desktop":4,"color_scheme":"scheme-1","image_ratio":"adapt","image_shape":"default","show_secondary_image":false,"show_vendor":false,"show_rating":false,"columns_mobile":"2","padding_top":36,"padding_bottom":68}},"collapsible_content_eqJddF":{"type":"collapsible-content","blocks":{"collapsible_row_cQYpAh":{"type":"collapsible_row","settings":{"heading":"What are your shipping options?","icon":"truck","row_content":"<p>We offer standard and express shipping options. You can select your preferred shipping method at checkout. Delivery times and costs vary depending on your location.<\/p>","page":""}},"collapsible_row_dFPQe6":{"type":"collapsible_row","settings":{"heading":"How can I track my order?","icon":"question_mark","row_content":"<p>Once your order is shipped, you will receive a tracking number via email. You can use this number to track your order on our website or through the carrier's website.<\/p>","page":""}},"collapsible_row_aqkEx6":{"type":"collapsible_row","settings":{"heading":"What payment methods do you accept?","icon":"leather","row_content":"<p>We accept major credit cards (Visa, MasterCard, American Express), PayPal, and other secure payment methods. All transactions are encrypted for your security.<\/p>","page":""}},"collapsible_row_bKpfwq":{"type":"collapsible_row","settings":{"heading":"What is your return policy?","icon":"return","row_content":"<p>We accept returns within 7 days of delivery. Items must be unused and in their original packaging. Please visit our returns page for more details.<\/p>","page":""}}},"block_order":["collapsible_row_cQYpAh","collapsible_row_dFPQe6","collapsible_row_aqkEx6","collapsible_row_bKpfwq"],"settings":{"caption":"","heading":"FAQs","heading_size":"h1","heading_alignment":"center","layout":"none","color_scheme":"","container_color_scheme":"","open_first_collapsible_row":false,"image_ratio":"adapt","desktop_layout":"image_second","padding_top":0,"padding_bottom":36}},"rich_text_q6HBtb":{"type":"rich-text","blocks":{"text_Xhkjdd":{"type":"text","settings":{"text":"<h2><strong>Get Additional Discount and Faster Delivery when you pay online!  <\/strong><\/h2><p>*Limited Period offer<\/p>"}}},"block_order":["text_Xhkjdd"],"settings":{"desktop_content_position":"center","content_alignment":"center","color_scheme":"scheme-04ded995-220b-4272-8c96-9b5848c30e15","full_width":true,"padding_top":40,"padding_bottom":52}},"1718270468a9e30f1b":{"type":"apps","blocks":{"trustify_reviews_app_product_block_NM4Kpg":{"type":"shopify:\/\/apps\/trustify-reviews\/blocks\/app-product-block\/60d505af-e468-47cf-a184-a06ccd6703ac","settings":{}}},"block_order":["trustify_reviews_app_product_block_NM4Kpg"],"settings":{"include_margins":true}},"featured_collection_XyjWyz":{"type":"featured-collection","settings":{"title":"Related Products","heading_size":"h1","description":"","show_description":false,"description_style":"body","collection":"frontpage","products_to_show":4,"columns_desktop":4,"full_width":false,"show_view_all":true,"view_all_style":"solid","enable_desktop_slider":false,"color_scheme":"","image_ratio":"adapt","image_shape":"default","show_secondary_image":false,"show_vendor":false,"show_rating":false,"quick_add":"none","columns_mobile":"2","swipe_on_mobile":false,"padding_top":36,"padding_bottom":36}}},"order":["main","related-products","collapsible_content_eqJddF","rich_text_q6HBtb","1718270468a9e30f1b","featured_collection_XyjWyz"]}