{"sections":{"main":{"type":"main-product","blocks":{"title":{"type":"title","settings":{}},"text_iwykbd":{"type":"text","settings":{"text":"800+ bought in past month","text_style":"body"}},"trustify_reviews_app_stars_block_QecyBL":{"type":"shopify:\/\/apps\/trustify-reviews\/blocks\/app-stars-block\/60d505af-e468-47cf-a184-a06ccd6703ac","settings":{}},"price":{"type":"price","settings":{}},"vendor":{"type":"text","settings":{"text":"🌸 Pain-Free Hair Removal","text_style":"body"}},"text_HrfzbC":{"type":"text","settings":{"text":"✨ Smooth and Silky Skin","text_style":"body"}},"text_XW9eR3":{"type":"text","settings":{"text":"💧Gentle on All Skin Types","text_style":"body"}},"variant_picker":{"type":"variant_picker","settings":{"picker_type":"button","swatch_shape":"circle"}},"plex_delivery_estimation_date_product_block_3Rj6Lj":{"type":"shopify:\/\/apps\/plex-delivery-estimation-date\/blocks\/product-block\/1a5aaae6-8b06-46f6-9403-07c6c0d75c2e","settings":{}},"buy_buttons":{"type":"buy_buttons","settings":{"show_dynamic_checkout":true,"show_gift_card_recipient":true}},"collapsible_tab_fiRzkK":{"type":"collapsible_tab","settings":{"heading":"Features and Benefits","icon":"none","content":"<p><strong>Pain-Free Hair Removal 🌸<\/strong> - Gently removes hair without causing pain or irritation.<\/p><p><strong>Eco-Friendly 🌍<\/strong> - Reusable and sustainable, reducing waste compared to disposable razors.<\/p><p><strong>Smooth and Silky Skin ✨<\/strong> - Leaves skin feeling smooth and soft after use.<\/p><p><strong>Compact and Portable 👜<\/strong> - Small and lightweight, perfect for travel and on-the-go touch-ups.<\/p>","page":""}},"collapsible_tab_Gp3zA4":{"type":"collapsible_tab","settings":{"heading":"Design and Functionality","icon":"none","content":"<p><strong>Easy to Use 👌<\/strong> - Simple, intuitive design that works quickly and efficiently.<\/p><p><strong>Long-Lasting Results ⏳<\/strong> - Provides longer-lasting smoothness compared to traditional shaving.<\/p><p><strong>Gentle on All Skin Types 💧<\/strong> - Suitable for sensitive skin, minimizing the risk of cuts and irritation.<\/p><p><strong>No Chemicals or Creams Needed 🚫<\/strong> - Works effectively without the need for additional products.<\/p>","page":""}},"collapsible_tab_YwmHJp":{"type":"collapsible_tab","settings":{"heading":"Usage Tips and Care Instructions","icon":"none","content":"<p><strong>How to Use 📝<\/strong> - Gently rub the crystal hair remover in circular motions on dry skin.<\/p><p><strong>Cleaning Instructions 🧼<\/strong> - Rinse with water and allow to air dry after each use.<\/p><p><strong>Storage Tips 🧳<\/strong> - Keep in a cool, dry place; ideal for bathroom storage.<\/p><p><strong>Maximizing Efficiency ⚡<\/strong> - Use regularly for best results; exfoliate skin before use for optimal performance.<\/p>","page":""}},"collapsible_tab_kTrgq9":{"type":"collapsible_tab","disabled":true,"settings":{"heading":"Detailed Description","icon":"none","content":"<h2>SAY GOODBYE TO RAZORS AND WAX!<\/h2><p>If you have had enoughrazor cuts, painful waxing and expensive laser treatments, and you don't want to fight with<strong>ingrown hairs<\/strong> and irregularities after shaving, ZERO Hair hair remover is the right solution for you.<\/p><p><\/p><p>Using ZERO Hair nano crystal technology <strong>painless and gentle<\/strong> it removes unwanted hair and in addition does a gentle exfoliation of the skin, which leaves the skin silky smooth. Due to its ergonomic design, it is easy to hold and use.<\/p><p>It slows down the regrowth of hair and eliminates the unpleasant consequences of hair removal by other methods such as <strong>strawberry legs, ingrown hairs and pimples.<\/strong><\/p><p><em><strong>98% of women have noticed the disappearance of strawberry skin (dark or red dots around hair follicles that appear after shaving or pulling out hairs that resemble the appearance of a strawberry)e)<\/strong><\/em><\/p><p><em><strong>96% of women noticed a lower frequency of ingrown hairs<\/strong><\/em><\/p><p><em><strong>90% of women noticed that their skin is smoother and softer after using Zero Hair<\/strong><\/em><\/p><h3>Removing unwanted hair has never been easier<\/h3><p><\/p><p>Thanks to the nano crystal technology, ZERO Hair collects and removes your hairs while you gently rub your skin in circular motions.<\/p><p><em><strong>Guaranteed to remove unwanted hair<\/strong><\/em><br\/><\/p><p><em><strong>It gently removes dead skin and leaves it soft and delicate<\/strong><\/em><\/p><p><em><strong>Painless and 100% non-toxic hair removal solution<\/strong><\/em><\/p><p><em><strong>Eco frendly and reusable for up to 5 years<\/strong><\/em><\/p><p><\/p><h4><strong>Instructions for use:<\/strong><\/h4><p><em>We recommend using it on dry and clean skin after showering. <\/em><em><strong>Using gentle pressure in a circular motion<\/strong><\/em><em> move in one direction with the ZERO Hair hair remover in the desired parts.<\/em><\/p><p><em>After use, wipe the area with a towel and apply a moisturizing body lotion.<\/em><\/p><p><em>We do not recommend using it with water (in the bath or during the shower). Skin and ZERO Hair hair remover must be <\/em><em><strong>clean and dry<\/strong><\/em><em> for a better hair removal effect.<\/em><\/p><p><em>After using the ZERO Hair remover, you can wash it off in lukewarm water or with mild soap and let it dry.<\/em><\/p>","page":""}},"description":{"type":"description","settings":{}}},"block_order":["title","text_iwykbd","trustify_reviews_app_stars_block_QecyBL","price","vendor","text_HrfzbC","text_XW9eR3","variant_picker","plex_delivery_estimation_date_product_block_3Rj6Lj","buy_buttons","collapsible_tab_fiRzkK","collapsible_tab_Gp3zA4","collapsible_tab_YwmHJp","collapsible_tab_kTrgq9","description"],"settings":{"enable_sticky_info":true,"color_scheme":"scheme-1","media_size":"medium","constrain_to_viewport":true,"media_fit":"cover","gallery_layout":"stacked","media_position":"left","image_zoom":"none","mobile_thumbnails":"show","hide_variants":false,"enable_video_looping":false,"padding_top":24,"padding_bottom":24}},"related-products":{"type":"related-products","disabled":true,"settings":{"heading":"You may also like","heading_size":"h2","products_to_show":4,"columns_desktop":4,"color_scheme":"scheme-1","image_ratio":"adapt","image_shape":"default","show_secondary_image":false,"show_vendor":false,"show_rating":false,"columns_mobile":"2","padding_top":36,"padding_bottom":68}},"collapsible_content_eqJddF":{"type":"collapsible-content","blocks":{"collapsible_row_cQYpAh":{"type":"collapsible_row","settings":{"heading":"What are your shipping options?","icon":"truck","row_content":"<p>We offer standard and express shipping options. You can select your preferred shipping method at checkout. Delivery times and costs vary depending on your location.<\/p>","page":""}},"collapsible_row_dFPQe6":{"type":"collapsible_row","settings":{"heading":"How can I track my order?","icon":"question_mark","row_content":"<p>Once your order is shipped, you will receive a tracking number via email. You can use this number to track your order on our website or through the carrier's website.<\/p>","page":""}},"collapsible_row_aqkEx6":{"type":"collapsible_row","settings":{"heading":"What payment methods do you accept?","icon":"leather","row_content":"<p>We accept major credit cards (Visa, MasterCard, American Express), PayPal, and other secure payment methods. All transactions are encrypted for your security.<\/p>","page":""}},"collapsible_row_bKpfwq":{"type":"collapsible_row","settings":{"heading":"What is your return policy?","icon":"return","row_content":"<p>We accept returns within 7 days of delivery. Items must be unused and in their original packaging. Please visit our returns page for more details.<\/p>","page":""}}},"block_order":["collapsible_row_cQYpAh","collapsible_row_dFPQe6","collapsible_row_aqkEx6","collapsible_row_bKpfwq"],"settings":{"caption":"","heading":"FAQs","heading_size":"h1","heading_alignment":"center","layout":"none","color_scheme":"","container_color_scheme":"","open_first_collapsible_row":false,"image_ratio":"adapt","desktop_layout":"image_second","padding_top":0,"padding_bottom":36}},"rich_text_q6HBtb":{"type":"rich-text","blocks":{"text_Xhkjdd":{"type":"text","settings":{"text":"<h2><strong>Get Additional Discount and Faster Delivery when you pay online!  <\/strong><\/h2><p>*Limited Period offer<\/p>"}}},"block_order":["text_Xhkjdd"],"settings":{"desktop_content_position":"center","content_alignment":"center","color_scheme":"scheme-04ded995-220b-4272-8c96-9b5848c30e15","full_width":true,"padding_top":40,"padding_bottom":52}},"1718270468a9e30f1b":{"type":"apps","blocks":{"trustify_reviews_app_product_block_NM4Kpg":{"type":"shopify:\/\/apps\/trustify-reviews\/blocks\/app-product-block\/60d505af-e468-47cf-a184-a06ccd6703ac","settings":{}}},"block_order":["trustify_reviews_app_product_block_NM4Kpg"],"settings":{"include_margins":true}},"featured_collection_XyjWyz":{"type":"featured-collection","settings":{"title":"Related Products","heading_size":"h1","description":"","show_description":false,"description_style":"body","collection":"frontpage","products_to_show":4,"columns_desktop":4,"full_width":false,"show_view_all":true,"view_all_style":"solid","enable_desktop_slider":false,"color_scheme":"","image_ratio":"adapt","image_shape":"default","show_secondary_image":false,"show_vendor":false,"show_rating":false,"quick_add":"none","columns_mobile":"2","swipe_on_mobile":false,"padding_top":36,"padding_bottom":36}}},"order":["main","related-products","collapsible_content_eqJddF","rich_text_q6HBtb","1718270468a9e30f1b","featured_collection_XyjWyz"]}