{"name":"t:sections.footer.name","type":"footer","sections":{"footer":{"type":"footer","blocks":{"text_EYGLtF":{"type":"text","settings":{"heading":"Fascinating Finds","subtext":"<p>Made in India. For the India<\/p><p><\/p>"}}},"block_order":["text_EYGLtF"],"settings":{"color_scheme":"scheme-2","newsletter_enable":false,"newsletter_heading":"Subscribe to our emails","enable_follow_on_shop":true,"show_social":true,"enable_country_selector":true,"enable_language_selector":true,"payment_enable":true,"show_policy":true,"margin_top":0,"padding_top":44,"padding_bottom":48}}},"order":["footer"]}